first_name,last_name,company_name,address,city,country,county,state,zip,email,web
Rebbecca,Didio,,,,,,,,rebbecca.didio@didio.com.au,
Stevie,Hallo,,,,,,,,stevie.hallo@hotmail.com,
Mariko,Stayer,,,,,,,,mariko_stayer@hotmail.com,
Gerardo,Woodka,,,,,,,,gerardo_woodka@hotmail.com,
Mayra,Bena,,,,,,,,mayra.bena@gmail.com,
Idella,Scotland,,,,,,,,idella@hotmail.com,
Sherill,Klar,,,,,,,,sklar@hotmail.com,
Ena,Desjardiws,,,,,,,,ena_desjardiws@desjardiws.com.au,
Vince,Siena,,,,,,,,vince_siena@yahoo.com,
Theron,Jarding,,,,,,,,tjarding@hotmail.com,
Amira,Chudej,"Dorl, James J Esq",2371 Jerrold Ave,Kulpsville,US,Montgomery,PA,19443,amira.chudej@chudej.net.au,http://www.dorljamesjesq.com
Marica,Tarbor,Rangoni Of Florence,37275 St  Rt 17m M,Middle Island,US,Suffolk,NY,11953,marica.tarbor@hotmail.com,http://www.rangoniofflorence.com
Shawna,Albrough,Feiner Bros,25 E 75th St #69,Los Angeles,US,Los Angeles,CA,90034,shawna.albrough@albrough.com.au,http://www.feinerbros.com
Paulina,Maker,Buckley Miller & Wright,98 Connecticut Ave Nw,Chagrin Falls,US,Geauga,OH,44023,paulina_maker@maker.net.au,http://www.buckleymillerwright.com
Rose,Jebb,"Rousseaux, Michael Esq",56 E Morehead St,Laredo,US,Webb,TX,78045,rose@jebb.net.au,http://www.rousseauxmichaelesq.com
Reita,Tabar,Century Communications,73 State Road 434 E,Phoenix,US,Maricopa,AZ,85013,rtabar@hotmail.com,http://www.centurycommunications.com
Maybelle,Bewley,"Bolton, Wilbur Esq",69734 E Carrillo St,Mc Minnville,US,Warren,TN,37110,mbewley@yahoo.com,http://www.boltonwilburesq.com
Camellia,Pylant,T M Byxbee Company Pc,322 New Horizon Blvd,Milwaukee,US,Milwaukee,WI,53207,camellia_pylant@gmail.com,http://www.tmbyxbeecompanypc.com
Roy,Nybo,Farmers Insurance Group,1 State Route 27,Taylor,US,Wayne,MI,48180,rnybo@nybo.net.au,http://www.farmersinsurancegroup.com
Albert,Sonier,Post Box Services Plus,394 Manchester Blvd,Rockford,US,Winnebago,IL,61109,albert.sonier@gmail.com,http://www.postboxservicesplus.com
Hayley,Taghon,Sport En Art,6 S 33rd St,Aston,US,Delaware,PA,19014,htaghon@taghon.net.au,http://www.sportenart.com
Norah,Daleo,C 4 Network Inc,6 Greenleaf Ave,San Jose,US,Santa Clara,CA,95111,ndaleo@daleo.net.au,http://www.cnetworkinc.com
Rosina,Sidhu,"Ingalls, Donald R Esq",618 W Yakima Ave,Irving,US,Dallas,TX,75062,rosina_sidhu@gmail.com,http://www.ingallsdonaldresq.com
Royal,Costeira,"Franklin, Peter L Esq",74 S Westgate St,Albany,US,Albany,NY,12204,royal_costeira@costeira.com.au,http://www.franklinpeterlesq.com
,,"Brandt, Jonathan F Esq",171 E 24th St,Leith,US,Orleans,LA,70116,,http://www.brandtjonathanfesq.com.au
,,Landrum Temporary Services,22222 Acoma St,Proston,US,Livingston,MI,48116,,http://www.landrumtemporaryservices.com.au
,,"Inabinet, Macre Esq",534 Schoenborn St #51,Hamel,US,Gloucester,NJ,8014,,http://www.inabinetmacreesq.com.au
,,Morris Downing & Sherred,69206 Jackson Ave,Talmalmo,US,Anchorage,AK,99501,,http://www.morrisdowningsherred.com.au
,,"Buelt, David L Esq",808 Glen Cove Ave,Lane Cove,US,Butler,OH,45011,,http://www.bueltdavidlesq.com.au
,,Artesian Ice & Cold Storage Co,373 Lafayette St,Cartmeticup,US,Ashland,OH,44805,,http://www.artesianicecoldstorageco.com.au
,,Midway Hotel,87 Sylvan Ave,Nyamup,US,Cook,IL,60632,,http://www.midwayhotel.com.au
,,"Selsor, Robert J Esq",60562 Ky Rt 321,Bendick Murrell,US,Santa Clara,CA,95111,,http://www.selsorrobertjesq.com.au
